Taxon,CSM5MCXD,CSM5MCY2,CSM67U9J,CSM67UAW,CSM67UB9
Bacteria,0.740753572694668,0.7259006726019981,0.7772453848539636,0.6606166288638925,0.9363875941566597
