,CSM5MCXD,CSM5MCY2,CSM67U9J,CSM67UAW,CSM67UB9
Pre mapping,0.3126710568393957,0.3402574407178607,0.26657016888533525,0.3771598656077971,0.1693872228237541
Post mapping,0.1788259886414304,0.2155730870962679,0.14244473023074364,0.20979577784980777,0.14039758346519585
