,CSM5MCXD,CSM5MCY2,CSM67U9J,CSM67UAW,CSM67UB9
CSM5MCXD,0.0,0.15392603664069907,0.07067493248453449,0.21462300271604365,0.23300519368894387
CSM5MCY2,0.15392603664069907,0.0,0.17509475639780336,0.12236803717635276,0.2284843535872813
CSM67U9J,0.07067493248453449,0.17509475639780336,0.0,0.2335687711324057,0.1754631938312134
CSM67UAW,0.21462300271604365,0.12236803717635276,0.2335687711324057,0.0,0.31527856968722084
CSM67UB9,0.23300519368894387,0.2284843535872813,0.1754631938312134,0.31527856968722084,0.0
