,CSM5MCXD,CSM5MCY2,CSM67U9J,CSM67UAW,CSM67UB9
CSM5MCXD,0.0,0.18346847159439525,0.13236210333073373,0.2456323694510811,0.613096901638657
CSM5MCY2,0.18346847159439525,0.0,0.3142173832753178,0.21755470482138706,0.6098558514943847
CSM67U9J,0.13236210333073373,0.3142173832753178,0.0,0.34861441998793974,0.5625239841055385
CSM67UAW,0.2456323694510811,0.21755470482138706,0.34861441998793974,0.0,0.6827789069319866
CSM67UB9,0.613096901638657,0.6098558514943847,0.5625239841055385,0.6827789069319866,0.0
