,CSM5MCXD,CSM5MCY2,CSM67U9J,CSM67UAW,CSM67UB9
Pre mapping,0.44447812812794857,0.31037421425750406,0.3295149600235355,0.5082697601246288,0.08838973132916476
Post mapping,0.12656824549283624,0.044372832402806366,0.07617738480109587,0.06993660080297218,0.04406730725533811
