,CSM5MCXD,CSM5MCY2,CSM67U9J,CSM67UAW,CSM67UB9
CSM5MCXD,0.0,0.06368715865535128,0.06140146854790768,0.06093503955069662,0.17104126128633068
CSM5MCY2,0.06368715865535128,0.0,0.03888560529130278,0.0651135916376183,0.1347214798480665
CSM67U9J,0.06140146854790768,0.03888560529130278,0.0,0.08121602281611531,0.116963391154064
CSM67UAW,0.06093503955069662,0.0651135916376183,0.08121602281611531,0.0,0.18085746435993055
CSM67UB9,0.17104126128633068,0.1347214798480665,0.116963391154064,0.18085746435993055,0.0
