,CSM5MCXD,CSM5MCY2,CSM67U9J,CSM67UAW,CSM67UB9
Pre mapping,0.28962870375793487,0.27684795536113543,0.2667441190533449,0.32418755631260376,0.16275007022250776
Post mapping,0.2400923434048225,0.1942791024668072,0.20779618091698393,0.2535243571814974,0.1266042681845561
