,CSM5MCXD,CSM5MCY2,CSM67U9J,CSM67UAW,CSM67UB9
CSM5MCXD,0.0,0.07363924595046102,0.06177295100752828,0.03555338282326317,0.2314889911818801
CSM5MCY2,0.07363924595046102,0.0,0.012075372165391137,0.1013683049003615,0.16562479642250683
CSM67U9J,0.06177295100752828,0.012075372165391137,0.0,0.09207812593416126,0.1733864629183277
CSM67UAW,0.03555338282326317,0.1013683049003615,0.09207812593416126,0.0,0.26223543600799254
CSM67UB9,0.2314889911818801,0.16562479642250683,0.1733864629183277,0.26223543600799254,0.0
