,CSM5MCXD,CSM5MCY2,CSM67U9J,CSM67UAW,CSM67UB9
CSM5MCXD,0.0,0.10184778799647988,0.08512889282345233,0.1299236124842593,0.6058542225238734
CSM5MCY2,0.10184778799647988,0.0,0.0942454502833463,0.18773406120649944,0.6099460214175474
CSM67U9J,0.08512889282345233,0.0942454502833463,0.0,0.2012785405642936,0.5494868016964661
CSM67UAW,0.1299236124842593,0.18773406120649944,0.2012785405642936,0.0,0.6731961770739745
CSM67UB9,0.6058542225238734,0.6099460214175474,0.5494868016964661,0.6731961770739745,0.0
