,CSM5MCXD,CSM5MCY2,CSM67U9J,CSM67UAW,CSM67UB9
CSM5MCXD,0.0,0.2712556818096764,0.21789107281447412,0.21301189423692474,0.1795724718392411
CSM5MCY2,0.2712556818096764,0.0,0.20429483947346078,0.1357481105740358,0.22338023824399142
CSM67U9J,0.21789107281447412,0.20429483947346078,0.0,0.2634192957609243,0.15806532139789117
CSM67UAW,0.21301189423692474,0.1357481105740358,0.2634192957609243,0.0,0.26940767176878405
CSM67UB9,0.1795724718392411,0.22338023824399142,0.15806532139789117,0.26940767176878405,0.0
