,CSM5MCXD,CSM5MCY2,CSM67U9J,CSM67UAW,CSM67UB9
Pre mapping,0.28456412226325717,0.29026491911557556,0.255175372717941,0.3030920900140645,0.2638482539897962
Post mapping,0.2544946645473209,0.26503512196275913,0.23080965035978712,0.2573953283770348,0.261423150735132
