,CSM5MCXD,CSM5MCY2,CSM67U9J,CSM67UAW,CSM67UB9
CSM5MCXD,0.0,0.45589128818336405,0.17375999208054058,0.5914403731700325,0.5578727107636479
CSM5MCY2,0.45589128818336405,0.0,0.5298314081562051,0.4224989560612967,0.5780482886985553
CSM67U9J,0.17375999208054058,0.5298314081562051,0.0,0.6070605438730345,0.557386290272528
CSM67UAW,0.5914403731700325,0.4224989560612967,0.6070605438730345,0.0,0.6101714552860027
CSM67UB9,0.5578727107636479,0.5780482886985553,0.557386290272528,0.6101714552860027,0.0
