,CSM5MCXD,CSM5MCY2,CSM67U9J,CSM67UAW,CSM67UB9
CSM5MCXD,0.0,0.06417228118284717,0.06148273715585862,0.06136357615820651,0.17107070796310808
CSM5MCY2,0.06417228118284717,0.0,0.04420616506822968,0.06780963223876708,0.13912552156514751
CSM67U9J,0.06148273715585862,0.04420616506822968,0.0,0.08429242931251991,0.11696339115406401
CSM67UAW,0.06136357615820651,0.06780963223876708,0.08429242931251991,0.0,0.18132693589367044
CSM67UB9,0.17107070796310808,0.13912552156514751,0.11696339115406401,0.18132693589367044,0.0
