,CSM5MCXD,CSM5MCY2,CSM67U9J,CSM67UAW,CSM67UB9
Pre mapping,0.2992030189461846,0.2562475497837411,0.27246993752026616,0.3066840835113897,0.1336809446904816
Post mapping,0.19974095244833942,0.16541636817551697,0.17008855734029044,0.19139069959982513,0.09894664298940689
