,CSM5MCXD,CSM5MCY2,CSM67U9J,CSM67UAW,CSM67UB9
CSM5MCXD,0.0,0.10264740846281634,0.08991974998610466,0.17524242220165992,0.6072870510332663
CSM5MCY2,0.10264740846281634,0.0,0.18379966448265067,0.18935011366257742,0.612201208989246
CSM67U9J,0.08991974998610466,0.18379966448265067,0.0,0.2543025445167256,0.5520128735635926
CSM67UAW,0.17524242220165992,0.18935011366257742,0.2543025445167256,0.0,0.6773768571590206
CSM67UB9,0.6072870510332663,0.612201208989246,0.5520128735635926,0.6773768571590206,0.0
