Taxon,CSM5MCXD,CSM5MCY2,CSM67U9J,CSM67UAW,CSM67UB9
Bacteria,0.259246427305332,0.27409932739800197,0.22275461514603642,0.3393833711361075,0.06361240584334026
