Taxon,mean,SD,minimum,maximum,non_zero_count
Bacteria,0.7681807706342364,0.10306018288077935,0.6606166288638925,0.9363875941566597,5
