Taxon,mean,SD,minimum,maximum,non_zero_count
Bacteria,0.23181922936576366,0.10306018288077935,0.06361240584334026,0.3393833711361075,5
