,CSM5MCXD,CSM5MCY2,CSM67U9J,CSM67UAW,CSM67UB9
Pre mapping,0.46556598672053534,0.5227650060901733,0.43793238300476295,0.4951528377825895,0.4022242517173415
Post mapping,0.32111235378470937,0.37400103251326844,0.3116358564039285,0.3271077080983301,0.37231933804192596
