,CSM5MCXD,CSM5MCY2,CSM67U9J,CSM67UAW,CSM67UB9
CSM5MCXD,0.0,0.37959822479146266,0.2062334283901267,0.39367070867371945,0.43871000013887856
CSM5MCY2,0.37959822479146266,0.0,0.42200296218685385,0.3460143262264434,0.5028788219975504
CSM67U9J,0.2062334283901267,0.42200296218685385,0.0,0.4351868024215089,0.5295252372170327
CSM67UAW,0.39367070867371945,0.3460143262264434,0.4351868024215089,0.0,0.49767899091827394
CSM67UB9,0.43871000013887856,0.5028788219975504,0.5295252372170327,0.49767899091827394,0.0
