,CSM5MCXD,CSM5MCY2,CSM67U9J,CSM67UAW,CSM67UB9
CSM5MCXD,0.0,0.3053048278748687,0.16648886959388493,0.3718608277248184,0.7269814447392434
CSM5MCY2,0.3053048278748687,0.0,0.4056453532680071,0.3193335637098784,0.7152299258864225
CSM67U9J,0.16648886959388493,0.4056453532680071,0.0,0.4281210948041788,0.7233779524994323
CSM67UAW,0.3718608277248184,0.3193335637098784,0.4281210948041788,0.0,0.8040024502837324
CSM67UB9,0.7269814447392434,0.7152299258864225,0.7233779524994323,0.8040024502837324,0.0
