,CSM5MCXD,CSM5MCY2,CSM67U9J,CSM67UAW,CSM67UB9
CSM5MCXD,0.0,0.07239050380116066,0.061516181141339124,0.07215801637804656,0.17418055931514753
CSM5MCY2,0.07239050380116066,0.0,0.05634819392127327,0.07760447057597684,0.15869203107432248
CSM67U9J,0.061516181141339124,0.05634819392127327,0.0,0.10778779946811129,0.12000222252476567
CSM67UAW,0.07215801637804656,0.07760447057597684,0.10778779946811129,0.0,0.22057541442047557
CSM67UB9,0.17418055931514753,0.15869203107432248,0.12000222252476567,0.22057541442047557,0.0
