,CSM5MCXD,CSM5MCY2,CSM67U9J,CSM67UAW,CSM67UB9
Pre mapping,0.32091951950276043,0.25425306760303334,0.2715407759048053,0.3100046617586173,0.12243989156468225
Post mapping,0.18919431766084646,0.13856715648937612,0.1514587347166682,0.15701161296177168,0.08979471344210249
