,CSM5MCXD,CSM5MCY2,CSM67U9J,CSM67UAW,CSM67UB9
CSM5MCXD,0.0,0.08018013215653028,0.06316251091827337,0.09935880821864233,0.23407614495272874
CSM5MCY2,0.08018013215653028,0.0,0.030330976214120557,0.11162963239374657,0.1661641648564371
CSM67U9J,0.06316251091827337,0.030330976214120557,0.0,0.10901895769687817,0.17599733863134476
CSM67UAW,0.09935880821864233,0.11162963239374657,0.10901895769687817,0.0,0.2650993379793522
CSM67UB9,0.23407614495272874,0.1661641648564371,0.17599733863134476,0.2650993379793522,0.0
