,CSM5MCXD,CSM5MCY2,CSM67U9J,CSM67UAW,CSM67UB9
CSM5MCXD,0.0,0.1115860818362152,0.08991974998610465,0.18468152865830895,0.6072924336630859
CSM5MCY2,0.1115860818362152,0.0,0.1947718645018167,0.1938231304622792,0.6122105213573995
CSM67U9J,0.08991974998610465,0.1947718645018167,0.0,0.26374704410065697,0.5520128735635925
CSM67UAW,0.18468152865830895,0.1938231304622792,0.26374704410065697,0.0,0.6774330448725677
CSM67UB9,0.6072924336630859,0.6122105213573995,0.5520128735635925,0.6774330448725677,0.0
